Distrito,Barrio,Secci√≥n,Mesa,Censo
1,11,1,U,880
1,11,2,U,640
1,11,3,A,633
1,11,3,B,539
1,11,4,U,975
1,11,6,A,615
1,11,6,B,665
1,11,7,U,641
1,11,8,U,606
1,11,9,A,511
1,11,9,B,514
1,11,11,U,819
1,11,12,U,558
1,11,13,U,846
1,11,14,A,531
1,11,14,B,525
1,11,15,A,665
1,11,15,B,574
1,11,16,U,807
1,11,18,A,727
1,11,18,B,688
1,11,19,A,510
1,11,19,B,529
1,11,20,U,963
1,11,21,A,707
1,11,21,B,756
1,12,22,U,918
1,12,23,U,969
1,12,24,U,895
1,12,25,U,709
1,12,26,A,527
1,12,26,B,504
1,12,27,U,856
1,12,28,U,927
1,12,29,U,949
1,12,30,U,687
1,12,31,U,809
1,12,32,A,807
1,12,32,B,718
1,12,33,U,871
1,12,34,U,835
1,12,35,U,948
1,12,36,U,744
1,12,37,U,741
1,12,38,U,750
1,12,39,U,674
1,12,40,U,555
1,12,41,U,616
1,12,42,U,713
1,12,43,U,713
1,12,45,U,836
1,12,46,A,554
1,12,46,B,480
1,12,47,A,659
1,12,47,B,706
1,12,48,U,814
1,12,49,U,779
1,12,50,U,838
1,12,51,U,879
1,12,53,U,905
1,12,54,U,576
1,12,55,U,768
1,12,56,U,638
1,12,57,A,540
1,12,57,B,579
1,12,58,U,505
1,12,59,A,535
1,12,59,B,514
1,13,61,U,600
1,13,62,U,727
1,13,63,U,534
1,13,64,U,597
1,13,65,U,566
1,13,66,U,848
1,13,67,U,788
1,13,68,U,567
1,13,69,U,566
1,13,71,U,552
1,13,72,A,542
1,13,72,B,550
1,14,73,A,603
1,14,73,B,668
1,14,74,A,560
1,14,74,B,571
1,14,75,U,912
1,14,76,U,917
1,14,77,U,974
1,14,79,A,536
1,14,79,B,492
1,14,81,A,539
1,14,81,B,607
1,14,82,A,596
1,14,82,B,634
1,14,84,A,591
1,14,84,B,550
1,14,87,U,977
1,14,88,U,955
1,14,89,A,524
1,14,89,B,554
1,15,90,U,651
1,15,91,U,796
1,15,92,U,556
1,15,93,A,553
1,15,93,B,513
1,15,94,A,498
1,15,94,B,529
1,15,95,A,501
1,15,95,B,525
1,15,96,U,716
1,15,97,A,502
1,15,97,B,546
1,15,98,U,833
1,15,99,U,890
1,15,100,U,898
1,15,101,U,849
1,15,102,U,825
1,15,103,A,594
1,15,103,B,505
1,15,104,U,894
1,15,105,U,989
1,15,106,U,924
1,15,107,U,951
1,15,108,A,495
1,15,108,B,549
1,15,109,U,672
1,15,110,U,643
1,15,111,U,674
1,15,112,U,767
1,15,113,U,784
1,15,114,A,567
1,15,114,B,533
1,15,115,U,737
1,15,116,U,963
1,16,117,A,619
1,16,117,B,522
1,16,118,U,565
1,16,119,U,650
1,16,120,U,555
1,16,121,A,539
1,16,121,B,592
1,16,123,U,550
1,16,124,U,523
2,21,1,U,855
2,21,2,A,551
2,21,2,B,579
2,21,3,U,949
2,21,4,U,788
2,21,5,U,641
2,21,6,A,942
2,21,6,B,875
2,21,7,U,577
2,21,8,A,638
2,21,8,B,674
2,21,9,A,869
2,21,9,B,823
2,21,10,U,814
2,21,11,U,924
2,21,13,U,975
2,21,14,U,918
2,22,15,A,639
2,22,15,B,639
2,22,16,A,686
2,22,16,B,772
2,22,17,A,771
2,22,17,B,759
2,22,18,A,899
2,22,18,B,938
2,22,19,A,678
2,22,19,B,625
2,22,20,U,914
2,22,21,U,827
2,22,22,U,749
2,22,23,U,952
2,22,24,A,653
2,22,24,B,689
2,22,25,U,561
2,22,26,A,510
2,22,26,B,533
2,22,27,U,811
2,22,28,U,629
2,22,29,U,543
2,22,30,A,541
2,22,30,B,547
2,22,31,U,949
2,23,32,U,510
2,23,33,U,992
2,23,34,U,703
2,23,35,U,760
2,23,36,U,769
2,23,37,A,487
2,23,37,B,535
2,23,38,U,847
2,23,39,U,586
2,23,40,A,790
2,23,40,B,662
2,23,41,A,710
2,23,41,B,772
2,23,42,A,630
2,23,42,B,788
2,23,43,U,784
2,23,44,A,600
2,23,44,B,665
2,23,45,U,782
2,23,46,U,916
2,23,47,A,532
2,23,47,B,474
2,24,48,U,844
2,24,49,A,661
2,24,49,B,674
2,25,50,A,554
2,25,50,B,537
2,25,51,A,793
2,25,51,B,707
2,25,52,A,551
2,25,52,B,617
2,25,53,A,683
2,25,53,B,646
2,25,54,U,889
2,25,55,U,956
2,25,56,U,827
2,25,57,A,541
2,25,57,B,530
2,25,58,A,599
2,25,58,B,544
2,25,59,U,565
2,25,60,A,506
2,25,60,B,523
2,25,61,U,665
2,25,62,U,720
2,25,63,A,653
2,25,63,B,584
2,26,64,A,642
2,26,64,B,701
2,26,65,A,541
2,26,65,B,610
2,26,66,A,930
2,26,66,B,1021
2,26,67,A,536
2,26,67,B,562
2,26,68,U,801
2,26,69,U,668
2,26,70,A,514
2,26,70,B,535
2,26,71,A,545
2,26,71,B,614
2,26,72,A,637
2,26,72,B,676
2,26,73,A,716
2,26,73,B,655
2,26,74,A,686
2,26,74,B,704
2,26,75,A,673
2,26,75,B,715
2,26,77,U,872
2,26,78,U,615
2,26,79,U,977
2,26,80,U,723
2,26,81,U,826
2,26,82,U,857
2,27,83,A,495
2,27,83,B,546
2,22,85,A,543
2,22,85,B,517
2,22,86,A,526
2,22,86,B,551
2,22,87,A,926
2,22,87,B,863
2,22,88,U,566
2,21,89,U,882
2,21,90,A,762
2,21,90,B,771
2,22,91,U,958
2,22,92,A,768
2,22,92,B,796
2,24,93,A,631
2,24,93,B,658
2,22,94,A,764
2,22,94,B,722
2,21,95,A,642
2,21,95,B,655
2,22,96,A,697
2,22,96,B,748
2,25,97,U,817
2,25,98,U,872
2,24,99,A,626
2,24,99,B,661
2,24,100,A,590
2,24,100,B,634
2,24,101,A,564
2,24,101,B,543
2,24,102,A,697
2,24,102,B,774
2,24,103,A,851
2,24,103,B,883
2,24,104,A,942
2,24,104,B,1007
2,25,105,A,652
2,25,105,B,721
2,25,105,C,735
2,25,106,A,945
2,25,106,B,890
2,21,107,A,546
2,21,107,B,535
2,22,108,U,827
2,22,109,A,592
2,22,109,B,601
2,24,110,A,568
2,24,110,B,609
2,24,111,A,501
2,24,111,B,528
2,25,112,A,583
2,25,112,B,634
3,31,1,A,764
3,31,1,B,701
3,31,2,U,702
3,31,3,U,691
3,31,4,U,789
3,31,5,U,549
3,31,6,A,918
3,31,6,B,831
3,31,7,U,694
3,31,8,U,850
3,31,9,U,787
3,31,10,U,859
3,31,11,U,824
3,31,12,U,808
3,31,13,U,810
3,31,14,U,980
3,31,15,U,769
3,31,16,U,601
3,31,17,U,981
3,31,18,A,729
3,31,18,B,741
3,31,19,A,769
3,31,19,B,789
3,31,20,A,547
3,31,20,B,475
3,31,21,A,652
3,31,21,B,633
3,31,22,U,761
3,31,23,U,766
3,32,24,U,980
3,32,25,A,615
3,32,25,B,737
3,32,25,C,692
3,32,26,A,724
3,32,26,B,639
3,32,27,U,957
3,32,28,A,591
3,32,28,B,553
3,32,29,A,617
3,32,29,B,608
3,32,30,U,653
3,33,31,U,876
3,33,32,U,903
3,33,33,A,615
3,33,33,B,654
3,33,34,A,604
3,33,34,B,533
3,33,35,U,948
3,33,36,U,735
3,33,37,A,564
3,33,37,B,539
3,33,38,U,866
3,33,39,U,702
3,33,40,U,646
3,33,41,U,943
3,33,42,U,929
3,33,44,U,891
3,33,45,U,861
3,33,46,U,714
3,33,47,A,669
3,33,47,B,640
3,34,48,U,871
3,34,49,A,690
3,34,49,B,736
3,34,50,A,536
3,34,50,B,524
3,34,51,U,831
3,34,52,U,735
3,34,53,A,539
3,34,53,B,470
3,34,54,A,550
3,34,54,B,491
3,34,55,U,702
3,34,56,U,860
3,34,57,U,828
3,34,58,U,899
3,34,59,U,841
3,34,60,U,557
3,34,61,U,628
3,34,63,U,601
3,34,64,U,747
3,34,65,A,570
3,34,65,B,539
3,34,66,U,681
3,34,67,U,927
3,35,69,U,719
3,35,70,U,554
3,35,71,A,512
3,35,71,B,499
3,35,73,A,659
3,35,73,B,624
3,35,74,U,929
3,35,76,U,859
3,36,77,A,667
3,36,77,B,634
3,36,78,A,544
3,36,78,B,625
3,36,79,A,514
3,36,79,B,514
3,36,80,A,682
3,36,80,B,709
3,36,81,A,753
3,36,81,B,714
3,36,82,A,573
3,36,82,B,559
3,36,84,A,585
3,36,84,B,574
3,36,85,U,696
3,36,86,U,835
3,36,87,A,681
3,36,87,B,700
3,36,88,U,505
3,31,89,A,772
3,31,89,B,817
3,33,90,U,955
3,33,91,A,671
3,33,91,B,683
3,32,92,A,903
3,32,92,B,872
3,33,93,U,996
3,33,94,U,666
3,31,95,A,784
3,31,95,B,787
3,31,96,A,876
3,31,96,B,775
3,32,97,U,951
3,32,98,A,704
3,32,98,B,712
3,32,99,A,526
3,32,99,B,569
3,32,100,A,499
3,32,100,B,553
4,41,1,U,718
4,41,2,U,760
4,41,3,U,562
4,41,4,U,727
4,41,5,U,588
4,41,6,U,629
4,41,7,U,903
4,41,8,U,761
4,41,9,A,672
4,41,9,B,749
4,41,10,U,537
4,41,11,A,492
4,41,11,B,536
4,41,12,U,907
4,41,13,U,672
4,41,14,U,884
4,42,15,U,904
4,42,16,U,991
4,42,17,U,992
4,42,18,U,940
4,42,19,U,507
4,42,20,U,539
4,42,21,U,638
4,42,23,U,618
4,42,24,U,905
4,42,25,U,705
4,42,26,U,651
4,42,27,A,546
4,42,27,B,513
4,42,28,A,551
4,42,28,B,504
4,42,29,A,512
4,42,29,B,545
4,42,30,A,513
4,42,30,B,515
4,42,31,U,636
4,42,32,U,597
4,42,33,U,811
4,42,34,A,619
4,42,34,B,579
4,42,35,A,507
4,42,35,B,542
4,42,36,U,564
4,42,37,U,616
4,42,38,U,818
4,42,39,U,602
4,42,40,U,606
4,42,41,U,757
4,42,42,A,522
4,42,42,B,572
4,43,43,A,554
4,43,43,B,544
4,43,44,A,541
4,43,44,B,616
4,43,45,A,564
4,43,45,B,542
4,43,46,U,523
4,43,47,U,878
4,43,48,U,758
4,43,49,A,505
4,43,49,B,511
4,43,50,U,525
4,43,51,U,963
4,43,52,U,861
4,43,53,U,922
4,43,54,U,988
4,43,55,A,685
4,43,55,B,642
4,43,56,A,564
4,43,56,B,579
4,43,57,U,851
4,43,58,U,951
4,43,60,A,512
4,43,60,B,491
4,44,61,A,561
4,44,61,B,560
4,44,62,U,973
4,44,63,A,621
4,44,63,B,564
4,44,64,U,829
4,44,65,A,597
4,44,65,B,663
4,44,67,U,871
4,44,68,U,764
4,44,69,A,594
4,44,69,B,590
4,44,70,U,935
4,44,71,U,952
4,44,72,U,561
4,44,73,A,530
4,44,73,B,589
4,44,74,U,914
4,44,75,U,804
4,44,76,U,736
4,44,77,U,890
4,44,78,U,561
4,44,79,U,922
4,44,80,U,613
4,44,81,U,900
4,44,82,U,670
4,44,83,U,575
4,44,84,U,635
4,44,85,A,867
4,44,85,B,733
4,44,86,A,563
4,44,86,B,628
4,44,87,A,985
4,44,87,B,890
4,44,88,A,734
4,44,88,B,794
4,44,89,U,575
4,44,90,U,961
4,44,91,A,522
4,44,91,B,511
4,44,92,U,723
4,44,93,U,875
4,44,94,A,571
4,44,94,B,507
4,45,95,U,516
4,45,96,U,572
4,45,97,U,716
4,45,98,A,497
4,45,98,B,522
4,45,99,U,832
4,45,100,U,595
4,45,101,U,589
4,45,102,U,840
4,45,103,U,908
4,45,104,U,858
4,45,105,U,842
4,45,106,U,790
4,45,107,U,541
4,45,108,U,670
4,45,109,A,588
4,45,109,B,666
4,45,110,U,844
4,45,111,A,646
4,45,111,B,673
4,45,112,U,901
4,45,113,U,835
4,46,114,A,508
4,46,114,B,545
4,46,115,A,699
4,46,115,B,726
4,46,116,U,589
4,46,117,U,581
4,46,118,U,579
4,46,119,A,480
4,46,119,B,546
4,46,120,U,724
4,46,121,U,883
4,46,123,A,491
4,46,123,B,553
4,46,124,U,666
4,46,126,A,564
4,46,126,B,498
4,46,127,U,696
4,46,128,U,649
4,46,129,U,501
4,46,130,U,555
4,44,131,U,840
5,51,1,U,875
5,51,2,A,591
5,51,2,B,592
5,51,3,A,788
5,51,3,B,722
5,51,4,A,581
5,51,4,B,569
5,51,5,A,544
5,51,5,B,547
5,51,6,U,975
5,51,7,A,712
5,51,7,B,769
5,51,8,A,542
5,51,8,B,534
5,51,9,U,885
5,51,10,U,627
5,51,11,U,595
5,51,12,U,821
5,51,13,U,632
5,52,14,U,788
5,52,15,U,791
5,52,16,U,633
5,52,17,A,502
5,52,17,B,546
5,52,18,U,949
5,52,19,U,720
5,52,20,U,954
5,52,21,U,576
5,52,22,A,543
5,52,22,B,564
5,52,23,A,533
5,52,23,B,556
5,52,24,U,687
5,52,25,U,921
5,52,26,A,655
5,52,26,B,643
5,52,27,A,642
5,52,27,B,696
5,52,28,A,770
5,52,28,B,701
5,52,29,A,655
5,52,29,B,702
5,52,30,U,981
5,52,31,U,762
5,52,32,A,518
5,52,32,B,512
5,52,33,A,735
5,52,33,B,847
5,52,34,A,666
5,52,34,B,634
5,52,35,U,996
5,52,36,A,688
5,52,36,B,644
5,52,37,A,528
5,52,37,B,496
5,53,38,A,732
5,53,38,B,690
5,53,39,A,655
5,53,39,B,703
5,53,40,U,575
5,53,41,U,827
5,53,42,A,566
5,53,42,B,520
5,53,43,U,934
5,53,44,A,621
5,53,44,B,658
5,53,45,A,635
5,53,45,B,616
5,53,46,A,642
5,53,46,B,617
5,53,47,A,653
5,53,47,B,580
5,53,48,U,883
5,53,49,U,913
5,54,51,A,516
5,54,51,B,569
5,54,52,A,572
5,54,52,B,560
5,54,53,A,816
5,54,53,B,732
5,54,54,A,568
5,54,54,B,642
5,54,55,A,575
5,54,55,B,584
5,54,56,A,535
5,54,56,B,562
5,54,57,U,906
5,54,58,A,681
5,54,58,B,739
5,54,59,U,577
5,54,60,A,526
5,54,60,B,550
5,54,61,A,809
5,54,61,B,864
5,54,62,A,706
5,54,62,B,598
5,54,63,U,626
5,54,64,A,784
5,54,64,B,876
5,54,65,U,956
5,54,66,U,967
5,54,67,A,921
5,54,67,B,967
5,54,68,A,681
5,54,68,B,651
5,54,69,U,693
5,55,70,A,818
5,55,70,B,773
5,55,72,A,621
5,55,72,B,639
5,55,73,A,668
5,55,73,B,607
5,55,74,A,532
5,55,74,B,607
5,55,75,A,599
5,55,75,B,654
5,55,76,A,826
5,55,76,B,879
5,55,77,A,506
5,55,77,B,512
5,55,78,U,654
5,55,79,A,726
5,55,79,B,668
5,55,80,U,786
5,55,81,A,744
5,55,81,B,876
5,55,82,A,842
5,55,82,B,890
5,55,83,A,741
5,55,83,B,654
5,55,84,A,661
5,55,84,B,599
5,56,85,A,667
5,56,85,B,689
5,56,86,U,965
5,56,87,A,717
5,56,87,B,732
5,56,88,U,649
5,56,89,U,595
5,56,90,U,793
5,56,91,U,660
5,56,92,A,473
5,56,92,B,533
5,56,94,A,475
5,56,94,B,576
5,52,95,A,808
5,52,95,B,716
5,53,96,A,527
5,53,96,B,519
5,54,97,A,580
5,54,97,B,635
5,54,98,U,911
5,52,99,A,754
5,52,99,B,706
5,56,100,A,807
5,56,100,B,774
5,56,101,A,504
5,56,101,B,505
5,52,102,U,719
5,56,103,U,949
5,56,104,A,486
5,56,104,B,515
6,61,1,U,919
6,61,2,U,679
6,61,3,A,547
6,61,3,B,543
6,61,4,U,739
6,61,5,U,678
6,61,6,U,610
6,61,7,U,704
6,61,8,U,738
6,61,9,U,825
6,61,10,A,660
6,61,10,B,719
6,61,11,U,863
6,61,12,U,635
6,61,13,U,692
6,61,14,U,807
6,61,15,U,749
6,61,16,A,554
6,61,16,B,531
6,61,17,U,674
6,61,18,U,920
6,61,19,A,646
6,61,19,B,646
6,61,21,A,593
6,61,21,B,631
6,61,23,U,827
6,62,24,U,531
6,62,25,U,687
6,62,26,U,771
6,62,27,U,972
6,62,28,A,577
6,62,28,B,563
6,62,29,A,634
6,62,29,B,668
6,62,31,U,894
6,62,32,U,762
6,62,33,U,919
6,62,34,U,593
6,62,35,A,526
6,62,35,B,503
6,62,36,U,729
6,62,37,U,772
6,62,38,U,660
6,62,39,U,728
6,62,40,U,914
6,62,41,A,720
6,62,41,B,637
6,62,42,A,658
6,62,42,B,708
6,62,43,A,570
6,62,43,B,490
6,62,44,U,833
6,62,45,U,938
6,62,46,A,624
6,62,46,B,700
6,62,48,U,760
6,62,49,U,644
6,62,50,U,510
6,62,51,U,946
6,62,52,U,835
6,62,53,U,929
6,62,54,A,501
6,62,54,B,501
6,63,56,A,714
6,63,56,B,801
6,63,57,A,513
6,63,57,B,572
6,63,58,U,949
6,63,59,U,871
6,63,60,U,743
6,63,61,U,787
6,63,62,A,836
6,63,62,B,765
6,63,63,U,951
6,63,64,U,593
6,63,65,U,691
6,63,66,A,533
6,63,66,B,510
6,63,67,U,871
6,63,68,U,915
6,63,69,A,491
6,63,69,B,562
6,63,70,A,606
6,63,70,B,544
6,63,71,U,782
6,64,72,A,755
6,64,72,B,784
6,64,73,A,587
6,64,73,B,599
6,64,74,U,734
6,64,75,U,741
6,64,76,U,644
6,64,77,U,681
6,64,78,U,753
6,64,79,U,751
6,64,80,U,775
6,64,81,A,919
6,64,81,B,854
6,64,84,A,685
6,64,84,B,641
6,64,85,A,541
6,64,85,B,525
6,64,89,U,942
6,65,90,A,725
6,65,90,B,640
6,65,91,A,537
6,65,91,B,501
6,65,92,U,826
6,65,93,U,842
6,65,94,A,632
6,65,94,B,654
6,65,95,U,773
6,65,96,U,763
6,65,97,A,516
6,65,97,B,501
6,65,98,U,455
6,65,99,A,525
6,65,99,B,529
6,65,101,U,926
6,65,102,A,581
6,65,102,B,608
6,65,103,A,531
6,65,103,B,556
6,65,104,U,808
6,65,105,A,631
6,65,105,B,619
6,65,106,U,830
6,65,107,U,985
6,66,108,U,810
6,66,109,A,657
6,66,109,B,609
6,66,110,U,932
6,66,111,A,750
6,66,111,B,647
6,66,112,U,725
6,66,113,U,794
6,66,114,A,657
6,66,114,B,740
6,66,115,U,724
6,66,116,A,729
6,66,116,B,740
6,66,117,A,652
6,66,117,B,716
6,66,118,U,639
6,66,119,U,619
6,66,120,U,917
6,66,121,U,836
6,66,122,A,595
6,66,122,B,618
6,66,123,U,858
6,66,124,U,726
6,61,125,A,625
6,61,125,B,681
6,65,126,U,908
6,64,127,A,561
6,64,127,B,577
6,64,128,A,495
6,64,128,B,550
6,64,129,A,687
6,64,129,B,716
7,71,1,U,855
7,71,2,U,668
7,71,3,U,875
7,71,4,U,758
7,71,5,U,461
7,71,6,A,538
7,71,6,B,625
7,71,7,U,707
7,71,8,A,507
7,71,8,B,577
7,71,9,U,622
7,71,10,U,797
7,71,11,U,878
7,71,12,A,534
7,71,12,B,580
7,71,13,U,682
7,71,14,U,890
7,71,16,A,543
7,71,16,B,598
7,71,17,U,743
7,71,18,A,645
7,71,18,B,586
7,71,19,U,960
7,71,21,A,706
7,71,21,B,799
7,71,23,U,763
7,72,24,U,533
7,72,25,U,850
7,72,26,A,622
7,72,26,B,714
7,72,28,A,513
7,72,28,B,493
7,72,30,U,871
7,72,31,U,593
7,72,32,U,962
7,72,34,A,605
7,72,34,B,503
7,72,35,U,597
7,72,36,A,593
7,72,36,B,616
7,72,38,U,786
7,72,39,U,685
7,72,40,U,809
7,72,41,U,949
7,72,42,U,778
7,72,43,U,880
7,72,44,U,779
7,72,45,U,726
7,72,46,U,539
7,72,47,U,835
7,72,48,A,702
7,72,48,B,753
7,72,49,U,548
7,73,50,U,594
7,73,51,U,541
7,73,52,U,515
7,73,53,A,498
7,73,53,B,553
7,73,55,U,496
7,73,56,U,582
7,73,57,A,516
7,73,57,B,578
7,73,58,U,877
7,73,59,U,610
7,73,60,U,671
7,73,61,U,990
7,73,62,U,790
7,73,63,U,989
7,73,64,U,916
7,73,65,U,942
7,73,66,U,797
7,73,67,U,850
7,73,68,U,804
7,73,69,U,732
7,73,70,U,928
7,73,71,U,787
7,73,72,A,581
7,73,72,B,568
7,73,73,U,972
7,74,75,U,723
7,74,76,U,701
7,74,78,U,757
7,74,79,U,676
7,74,80,U,941
7,74,81,A,561
7,74,81,B,518
7,74,82,U,818
7,74,83,U,538
7,74,84,U,852
7,74,85,A,516
7,74,85,B,569
7,74,86,U,668
7,74,87,U,679
7,74,88,U,814
7,74,89,U,997
7,74,90,U,685
7,74,91,U,728
7,74,92,U,932
7,74,93,U,939
7,75,94,A,611
7,75,94,B,592
7,75,95,A,481
7,75,95,B,560
7,75,96,U,924
7,75,97,U,625
7,75,98,U,768
7,75,99,U,742
7,75,100,U,663
7,75,101,U,962
7,75,102,A,535
7,75,102,B,534
7,75,103,A,535
7,75,103,B,596
7,75,105,U,887
7,75,106,A,514
7,75,106,B,502
7,75,107,U,808
7,75,108,U,796
7,75,109,U,988
7,75,110,U,827
7,75,111,A,525
7,75,111,B,527
7,75,113,A,499
7,75,113,B,520
7,75,114,A,727
7,75,114,B,755
7,75,115,A,603
7,75,115,B,554
7,75,116,U,868
7,75,117,U,972
7,76,118,A,575
7,76,118,B,573
7,76,119,A,545
7,76,119,B,498
7,76,120,U,954
7,76,121,A,681
7,76,121,B,721
7,76,122,U,926
7,76,123,U,900
7,76,124,U,564
7,76,125,U,782
7,76,126,U,811
7,76,127,A,555
7,76,127,B,633
7,76,128,U,618
7,76,129,U,717
7,76,130,U,965
7,76,131,U,999
7,76,132,U,900
7,76,133,U,910
7,76,134,U,478
7,76,135,U,865
8,81,1,U,677
8,81,2,U,629
8,81,3,U,935
8,81,4,U,599
8,82,5,U,776
8,82,6,U,758
8,82,7,U,961
8,83,8,A,525
8,83,8,B,556
8,83,9,A,621
8,83,9,B,684
8,83,10,U,678
8,83,11,U,529
8,83,12,A,521
8,83,12,B,550
8,83,13,U,774
8,83,14,U,590
8,83,15,U,784
8,83,16,U,664
8,83,17,A,693
8,83,17,B,694
8,83,18,U,590
8,83,19,U,640
8,83,20,U,666
8,83,21,U,762
8,83,22,U,765
8,83,23,U,766
8,83,24,A,713
8,83,24,B,802
8,83,25,U,684
8,83,26,A,563
8,83,26,B,538
8,83,27,A,498
8,83,27,B,539
8,83,28,U,884
8,83,29,A,583
8,83,29,B,637
8,84,30,A,665
8,84,30,B,582
8,84,31,A,597
8,84,31,B,583
8,84,32,U,545
8,84,33,U,902
8,84,34,A,679
8,84,34,B,651
8,85,35,A,552
8,85,35,B,563
8,85,36,A,644
8,85,36,B,659
8,85,37,U,706
8,85,38,U,673
8,85,39,U,857
8,85,40,U,928
8,85,41,U,601
8,85,42,A,571
8,85,42,B,585
8,85,43,A,576
8,85,43,B,583
8,85,44,A,682
8,85,44,B,686
8,84,45,U,773
8,84,46,U,886
8,84,47,A,542
8,84,47,B,475
8,84,48,U,850
8,83,49,A,881
8,83,49,B,865
8,83,50,A,710
8,83,50,B,728
8,83,51,A,544
8,83,51,B,540
8,83,52,A,743
8,83,52,B,726
8,84,53,U,881
8,84,54,U,916
8,84,55,A,645
8,84,55,B,591
8,84,56,A,522
8,84,56,B,495
8,84,57,U,887
8,84,58,U,734
8,84,59,U,705
8,84,60,A,505
8,84,60,B,542
8,84,61,U,752
8,84,62,U,527
8,84,63,U,619
8,84,64,U,907
8,84,65,U,726
8,84,66,U,602
8,84,67,A,534
8,84,67,B,536
8,84,68,U,753
8,84,69,U,651
8,84,71,U,752
8,84,72,U,742
8,84,73,U,704
8,84,74,U,709
8,84,75,U,677
8,84,76,U,654
8,84,77,U,726
8,84,78,U,617
8,84,79,U,771
8,84,80,U,723
8,84,81,U,736
8,84,82,U,717
8,84,83,U,750
8,84,84,U,699
8,84,85,U,639
8,84,86,U,660
8,84,87,U,523
8,84,88,U,641
8,84,89,U,546
8,85,90,U,972
8,85,91,U,601
8,85,92,U,807
8,85,93,U,773
8,85,94,U,897
8,85,95,A,678
8,85,95,B,728
8,85,96,A,679
8,85,96,B,602
8,85,97,U,688
8,85,98,A,778
8,85,98,B,669
8,85,99,A,606
8,85,99,B,628
8,85,100,A,517
8,85,100,B,594
8,85,102,A,830
8,85,102,B,866
8,85,103,A,506
8,85,103,B,579
8,86,104,U,822
8,86,105,U,542
8,86,106,U,649
8,86,107,U,508
8,86,108,U,515
8,86,109,U,875
8,86,110,U,838
8,86,111,A,630
8,86,111,B,620
8,86,112,U,839
8,86,113,U,712
8,86,114,U,644
8,86,115,U,737
8,86,116,U,583
8,86,117,U,637
8,86,119,A,557
8,86,119,B,592
8,86,120,U,762
8,86,121,A,604
8,86,121,B,534
8,86,122,U,686
8,86,123,U,937
8,86,124,A,608
8,86,124,B,620
8,86,125,U,841
8,86,126,A,576
8,86,126,B,574
8,86,128,A,1003
8,86,128,B,950
8,88,129,U,668
8,88,130,U,467
8,87,131,A,512
8,87,131,B,498
8,87,132,U,684
8,87,133,U,591
8,87,134,A,504
8,87,134,B,541
8,87,135,A,866
8,87,135,B,910
8,87,136,A,545
8,87,136,B,501
8,87,137,A,667
8,87,137,B,624
8,87,138,U,906
8,87,139,A,674
8,87,139,B,720
8,87,139,C,695
8,83,140,U,714
8,83,141,U,871
8,83,142,A,513
8,83,142,B,493
8,83,143,U,967
8,85,144,A,684
8,85,144,B,596
8,83,145,A,582
8,83,145,B,513
8,85,146,A,642
8,85,146,B,600
8,87,147,A,604
8,87,147,B,601
8,83,148,A,741
8,83,148,B,815
8,83,149,U,615
8,85,150,U,985
8,83,151,U,746
8,87,152,A,670
8,87,152,B,582
8,86,153,A,634
8,86,153,B,678
8,87,154,A,622
8,87,154,B,625
8,87,155,A,686
8,87,155,B,588
8,87,156,A,535
8,87,156,B,613
8,83,157,U,737
8,87,158,A,511
8,87,158,B,604
8,86,159,A,791
8,86,159,B,778
8,86,160,A,774
8,86,160,B,770
8,86,161,A,583
8,86,161,B,579
8,86,162,A,583
8,86,162,B,570
8,87,163,A,734
8,87,163,B,766
8,88,164,A,899
8,88,164,B,915
8,88,165,A,722
8,88,165,B,742
8,86,166,A,507
8,86,166,B,534
8,86,167,A,686
8,86,167,B,774
8,86,167,C,773
8,86,168,U,847
8,88,169,A,840
8,88,169,B,927
8,86,170,A,798
8,86,170,B,839
8,86,171,U,983
8,86,172,A,671
8,86,172,B,679
8,88,173,A,595
8,88,173,B,632
8,86,174,A,593
8,86,174,B,624
8,87,175,U,833
8,88,176,A,916
8,88,176,B,990
8,87,177,A,553
8,87,177,B,546
8,88,178,A,648
8,88,178,B,706
8,86,179,U,898
8,87,180,U,869
8,87,181,A,762
8,87,181,B,748
8,83,182,A,649
8,83,182,B,626
8,87,183,A,598
8,87,183,B,645
8,88,184,U,976
8,86,185,A,520
8,86,185,B,555
8,86,186,U,910
8,86,187,A,607
8,86,187,B,742
8,86,188,A,609
8,86,188,B,628
9,91,1,U,979
9,91,2,U,991
9,91,4,A,645
9,91,4,B,556
9,91,5,U,717
9,91,6,U,626
9,91,7,U,742
9,91,8,U,984
9,91,9,U,829
9,91,10,A,950
9,91,10,B,1038
9,92,11,A,477
9,92,11,B,534
9,92,12,U,506
9,92,13,U,907
9,92,14,A,700
9,92,14,B,740
9,92,15,A,649
9,92,15,B,579
9,92,16,U,648
9,92,17,U,888
9,92,18,A,544
9,92,18,B,534
9,92,19,A,669
9,92,19,B,569
9,92,20,U,711
9,92,21,U,821
9,92,22,U,841
9,92,23,A,658
9,92,23,B,608
9,92,24,U,568
9,92,25,U,723
9,92,26,U,874
9,92,28,A,675
9,92,28,B,638
9,92,29,U,800
9,92,30,U,954
9,92,31,U,527
9,93,33,U,938
9,93,34,A,619
9,93,34,B,622
9,93,35,U,717
9,93,36,U,860
9,93,37,A,894
9,93,37,B,977
9,93,38,A,494
9,93,38,B,515
9,93,39,U,920
9,93,40,U,742
9,93,41,A,628
9,93,41,B,552
9,93,43,A,621
9,93,43,B,689
9,93,44,U,882
9,93,45,U,784
9,94,46,A,619
9,94,46,B,655
9,94,47,A,541
9,94,47,B,528
9,94,49,U,854
9,94,50,U,626
9,94,51,A,533
9,94,51,B,535
9,94,52,A,699
9,94,52,B,800
9,94,53,U,689
9,94,54,U,961
9,94,55,A,640
9,94,55,B,716
9,94,56,A,817
9,94,56,B,857
9,94,57,U,680
9,94,58,U,662
9,94,60,A,588
9,94,60,B,589
9,94,61,U,664
9,94,63,A,494
9,94,63,B,539
9,94,64,A,557
9,94,64,B,508
9,94,65,U,880
9,94,66,U,622
9,94,67,U,598
9,94,68,U,796
9,94,69,U,571
9,94,70,U,786
9,95,71,A,988
9,95,71,B,880
9,96,72,A,623
9,96,72,B,691
9,96,72,C,723
9,97,73,A,996
9,97,73,B,892
9,97,74,A,558
9,97,74,B,491
9,97,75,A,859
9,97,75,B,921
9,97,76,U,635
9,97,77,U,771
9,97,78,A,795
9,97,78,B,740
9,97,79,A,811
9,97,79,B,890
9,97,80,A,626
9,97,80,B,633
9,91,81,U,699
9,94,82,U,659
9,97,83,A,606
9,97,83,B,754
9,97,83,C,746
9,91,84,U,716
9,97,85,A,636
9,97,85,B,594
9,95,86,A,675
9,95,86,B,618
9,97,87,A,733
9,97,87,B,797
9,97,88,A,840
9,97,88,B,905
9,97,89,A,600
9,97,89,B,602
9,94,90,A,782
9,94,90,B,840
9,95,91,A,591
9,95,91,B,612
9,97,92,U,812
10,101,1,U,684
10,101,2,U,674
10,101,3,U,634
10,101,4,U,537
10,101,5,U,870
10,101,6,A,847
10,101,6,B,903
10,101,7,U,853
10,101,8,U,636
10,101,9,U,738
10,101,10,U,646
10,101,11,U,555
10,101,12,U,737
10,102,13,U,557
10,102,14,U,701
10,102,15,U,886
10,102,16,U,922
10,102,17,U,690
10,102,18,U,539
10,102,20,U,584
10,102,21,U,918
10,102,22,U,629
10,102,23,U,565
10,102,24,U,783
10,102,25,U,840
10,102,26,U,696
10,102,27,U,886
10,102,28,U,803
10,102,29,U,932
10,102,30,U,899
10,102,31,U,542
10,102,32,U,913
10,102,33,U,682
10,102,34,U,482
10,102,35,U,658
10,102,36,A,519
10,102,36,B,581
10,102,37,A,533
10,102,37,B,568
10,102,38,U,557
10,102,39,U,824
10,102,40,U,567
10,102,41,A,564
10,102,41,B,444
10,102,42,U,986
10,102,43,A,551
10,102,43,B,475
10,102,44,U,657
10,102,46,U,914
10,102,47,U,592
10,102,48,U,811
10,102,49,U,806
10,103,50,U,914
10,103,51,U,666
10,103,52,U,772
10,103,53,U,740
10,103,54,A,532
10,103,54,B,610
10,103,55,U,899
10,103,56,U,730
10,103,57,A,530
10,103,57,B,476
10,103,58,U,693
10,103,59,U,820
10,103,60,A,645
10,103,60,B,500
10,103,60,C,343
10,103,61,A,545
10,103,61,B,552
10,103,62,U,593
10,103,63,A,556
10,103,63,B,559
10,103,65,U,562
10,103,67,U,701
10,103,68,U,618
10,103,69,U,938
10,103,70,U,766
10,103,72,A,785
10,103,72,B,887
10,103,73,U,781
10,103,74,U,634
10,103,75,U,619
10,103,76,U,740
10,103,77,U,573
10,103,78,U,786
10,104,81,U,978
10,104,82,U,643
10,104,83,U,528
10,104,84,A,687
10,104,84,B,634
10,104,86,A,519
10,104,86,B,493
10,104,87,U,828
10,104,88,U,893
10,104,89,U,781
10,104,90,U,681
10,104,91,U,812
10,104,92,U,599
10,104,93,U,608
10,104,94,U,719
10,104,95,U,839
10,104,96,U,900
10,104,98,U,814
10,104,99,U,868
10,104,100,U,726
10,104,101,U,828
10,104,102,U,517
10,104,103,U,832
10,104,106,A,595
10,104,106,B,534
10,104,107,U,859
10,104,108,U,618
10,104,109,A,573
10,104,109,B,531
10,104,110,U,553
10,104,111,U,511
10,104,112,U,637
10,104,113,U,587
10,104,114,U,744
10,104,115,U,755
10,104,116,A,514
10,104,116,B,572
10,104,117,U,941
10,104,118,U,893
10,104,119,A,604
10,104,119,B,668
10,104,120,U,910
10,104,121,U,859
10,104,122,U,859
10,104,123,U,709
10,104,124,U,934
10,104,125,U,554
10,104,126,U,865
10,104,127,U,698
10,104,128,U,992
10,104,129,U,524
10,104,130,A,619
10,104,130,B,633
10,104,131,A,517
10,104,131,B,523
10,104,132,U,716
10,104,133,A,639
10,104,133,B,661
10,104,134,U,507
10,104,135,U,609
10,104,136,U,827
10,104,137,U,657
10,104,138,U,580
10,104,139,U,769
10,104,140,U,634
10,104,142,A,611
10,104,142,B,604
10,104,143,U,951
10,105,144,U,814
10,105,145,U,999
10,105,146,U,889
10,105,147,U,888
10,105,148,U,870
10,105,149,U,606
10,105,150,U,499
10,105,151,A,614
10,105,151,B,562
10,105,152,U,652
10,105,153,A,896
10,105,153,B,933
10,105,154,U,615
10,105,156,U,715
10,105,157,U,625
10,105,158,A,466
10,105,158,B,566
10,105,159,A,512
10,105,159,B,506
10,107,161,A,561
10,107,161,B,641
10,107,162,U,662
10,107,163,U,547
10,107,164,U,937
10,107,165,U,884
10,107,167,A,898
10,107,167,B,842
10,107,168,U,929
10,107,169,U,610
10,107,170,U,881
10,107,171,U,854
10,107,172,U,557
10,107,173,A,579
10,107,173,B,633
10,107,174,U,735
10,107,175,U,656
10,107,176,U,960
10,107,178,U,828
10,107,179,U,879
10,107,180,U,943
10,107,181,U,890
10,107,182,U,780
10,107,183,U,769
10,107,184,U,791
10,107,185,U,552
10,107,187,U,915
10,107,188,U,758
10,107,189,A,539
10,107,189,B,594
10,107,190,U,793
10,107,191,A,598
10,107,191,B,582
10,107,192,A,718
10,107,192,B,661
10,107,193,U,651
10,107,194,U,745
10,107,197,A,549
10,107,197,B,613
10,107,198,A,777
10,107,198,B,698
10,107,199,A,616
10,107,199,B,630
10,107,201,U,840
10,107,202,U,623
10,107,203,A,618
10,107,203,B,583
10,107,204,U,670
10,107,205,A,573
10,107,205,B,601
10,102,206,U,989
10,104,207,A,597
10,104,207,B,565
10,107,209,A,486
10,107,209,B,527
10,107,210,U,915
10,102,211,U,835
10,103,212,U,815
10,103,213,A,927
10,103,213,B,976
10,107,214,A,753
10,107,214,B,831
10,101,215,A,572
10,101,215,B,610
10,106,216,U,923
10,101,217,U,680
10,103,218,U,939
10,101,219,A,596
10,101,219,B,589
10,106,220,A,1020
10,106,220,B,926
10,106,221,A,530
10,106,221,B,644
11,111,1,U,841
11,111,2,A,648
11,111,2,B,590
11,111,3,A,703
11,111,3,B,678
11,111,4,A,580
11,111,4,B,583
11,111,5,U,808
11,111,6,U,929
11,111,7,A,719
11,111,7,B,690
11,111,10,U,671
11,111,11,U,607
11,111,12,A,671
11,111,12,B,678
11,111,13,A,522
11,111,13,B,514
11,111,15,A,494
11,111,15,B,556
11,111,16,U,793
11,111,17,U,809
11,111,18,U,545
11,111,19,U,525
11,111,21,U,886
11,112,22,A,551
11,112,22,B,527
11,112,23,U,849
11,112,24,U,974
11,112,25,U,936
11,112,26,A,759
11,112,26,B,717
11,112,28,U,741
11,112,29,U,636
11,112,30,U,562
11,112,31,U,794
11,112,32,U,936
11,112,33,U,948
11,112,34,U,675
11,112,35,U,762
11,112,36,U,765
11,112,37,U,880
11,112,38,U,729
11,112,39,A,660
11,112,39,B,756
11,112,40,U,604
11,112,41,U,864
11,112,42,U,825
11,112,43,U,763
11,112,44,A,720
11,112,44,B,760
11,112,45,U,590
11,112,46,U,609
11,113,47,U,884
11,113,48,A,572
11,113,48,B,583
11,113,49,A,666
11,113,49,B,761
11,113,50,U,882
11,113,51,A,573
11,113,51,B,526
11,113,54,U,879
11,113,55,U,921
11,113,56,U,715
11,113,57,U,717
11,113,58,U,547
11,113,59,U,804
11,113,60,U,917
11,113,61,U,622
11,113,62,A,498
11,113,62,B,535
11,113,63,A,746
11,113,63,B,731
11,113,65,A,626
11,113,65,B,591
11,113,66,U,496
11,113,67,A,590
11,113,67,B,637
11,113,68,U,803
11,113,69,A,643
11,113,69,B,749
11,113,70,A,666
11,113,70,B,673
11,113,71,A,619
11,113,71,B,630
11,113,72,U,953
11,113,73,U,833
11,113,74,U,537
11,113,75,U,598
11,114,78,U,916
11,114,79,U,620
11,114,80,A,581
11,114,80,B,556
11,114,81,A,612
11,114,81,B,512
11,114,82,U,696
11,114,83,U,553
11,114,85,A,636
11,114,85,B,729
11,114,86,U,704
11,114,87,U,894
11,114,88,A,522
11,114,88,B,544
11,114,89,A,592
11,114,89,B,650
11,114,91,U,963
11,114,92,U,803
11,114,93,U,966
11,114,94,A,567
11,114,94,B,619
11,114,95,U,961
11,114,96,U,727
11,114,97,U,889
11,114,98,A,507
11,114,98,B,513
11,114,99,U,799
11,114,100,A,785
11,114,100,B,688
11,114,101,A,551
11,114,101,B,603
11,114,102,U,963
11,114,103,A,530
11,114,103,B,600
11,114,104,U,808
11,114,105,U,574
11,114,106,U,589
11,114,107,U,798
11,114,108,U,808
11,114,109,U,775
11,114,110,U,712
11,114,111,U,703
11,114,112,U,906
11,115,113,U,952
11,115,114,U,853
11,115,115,A,662
11,115,115,B,585
11,115,116,U,522
11,115,117,A,540
11,115,117,B,501
11,115,118,U,748
11,115,119,U,773
11,115,120,U,711
11,115,121,U,889
11,115,122,U,609
11,115,123,U,722
11,115,124,A,550
11,115,124,B,596
11,115,125,A,519
11,115,125,B,529
11,115,126,A,967
11,115,126,B,1024
11,115,128,U,752
11,115,129,U,694
11,115,130,A,560
11,115,130,B,558
11,115,131,U,622
11,115,132,U,527
11,115,133,U,767
11,115,134,U,564
11,115,135,U,678
11,115,136,U,873
11,115,137,A,803
11,115,137,B,800
11,116,138,U,697
11,116,139,U,960
11,116,140,U,968
11,116,141,U,823
11,116,142,U,534
11,116,143,U,887
11,116,145,U,881
11,116,146,U,980
11,116,147,A,604
11,116,147,B,504
11,116,148,A,811
11,116,148,B,873
11,116,149,U,661
11,116,150,U,875
11,116,151,U,780
11,116,152,A,720
11,116,152,B,810
11,116,153,A,518
11,116,153,B,546
11,116,154,U,780
11,116,155,A,840
11,116,155,B,824
11,116,156,A,969
11,116,156,B,941
11,117,157,U,864
11,117,158,U,806
11,117,160,A,532
11,117,160,B,508
11,117,161,U,769
11,117,162,U,543
11,117,163,A,507
11,117,163,B,502
11,117,165,A,577
11,117,165,B,631
11,117,167,U,711
11,117,168,U,746
11,117,169,A,744
11,117,169,B,774
11,117,170,U,634
11,117,171,U,626
11,117,173,U,713
11,117,174,U,543
11,117,175,A,522
11,117,175,B,500
11,117,176,U,804
11,117,177,A,714
11,117,177,B,822
11,117,178,U,570
11,114,179,U,704
11,113,180,A,499
11,113,180,B,520
11,112,181,U,786
11,117,182,A,899
11,117,182,B,1004
11,117,183,A,782
11,117,183,B,868
11,112,184,U,910
11,115,185,A,579
11,115,185,B,537
11,116,186,A,561
11,116,186,B,622
11,116,187,A,501
11,116,187,B,547
11,116,188,A,657
11,116,188,B,639
11,116,189,A,772
11,116,189,B,832
11,116,190,A,519
11,116,190,B,558
11,116,191,A,742
11,116,191,B,780
11,116,192,A,577
11,116,192,B,559
11,116,193,U,954
11,117,194,U,830
11,113,195,U,891
11,116,196,U,983
11,116,197,A,541
11,116,197,B,515
11,116,198,A,620
11,116,198,B,681
12,121,1,U,527
12,121,2,U,638
12,121,3,U,984
12,121,5,U,799
12,121,6,U,606
12,121,7,A,558
12,121,7,B,564
12,121,8,U,911
12,121,9,U,875
12,121,10,U,727
12,121,11,U,742
12,121,12,U,785
12,121,13,U,746
12,121,14,U,821
12,121,15,U,886
12,121,16,A,624
12,121,16,B,614
12,122,18,A,672
12,122,18,B,689
12,122,19,U,837
12,122,20,U,925
12,122,22,U,988
12,122,23,A,499
12,122,23,B,518
12,122,24,A,722
12,122,24,B,793
12,123,27,A,545
12,123,27,B,594
12,123,28,U,625
12,123,29,U,807
12,123,30,U,828
12,123,31,U,527
12,123,32,A,978
12,123,32,B,931
12,123,33,U,866
12,123,34,A,709
12,123,34,B,770
12,123,37,A,522
12,123,37,B,478
12,124,39,U,690
12,124,41,A,503
12,124,41,B,523
12,124,42,U,673
12,124,43,U,871
12,124,44,U,901
12,124,45,U,939
12,124,46,U,922
12,124,47,U,584
12,124,48,U,918
12,124,49,A,537
12,124,49,B,504
12,124,50,U,860
12,124,51,U,872
12,124,52,A,654
12,124,52,B,624
12,125,53,A,838
12,125,53,B,762
12,125,54,A,508
12,125,54,B,500
12,125,55,A,537
12,125,55,B,562
12,125,56,U,935
12,125,57,U,711
12,125,59,A,597
12,125,59,B,619
12,125,61,A,733
12,125,61,B,820
12,125,62,U,956
12,125,64,U,903
12,125,65,U,647
12,125,66,U,716
12,125,67,A,490
12,125,67,B,519
12,125,69,U,752
12,125,70,U,823
12,125,71,A,600
12,125,71,B,549
12,125,73,U,589
12,125,74,U,565
12,126,75,U,999
12,126,77,A,520
12,126,77,B,588
12,126,78,U,913
12,126,79,U,700
12,126,80,U,878
12,126,81,U,854
12,126,82,U,593
12,126,83,U,752
12,126,84,U,671
12,127,86,U,800
12,127,87,A,588
12,127,87,B,582
12,127,88,U,966
12,127,89,U,665
12,127,90,U,669
12,127,91,A,563
12,127,91,B,524
12,127,92,U,799
12,127,93,A,510
12,127,93,B,528
12,127,94,A,515
12,127,94,B,566
12,127,96,U,635
12,127,97,U,597
12,126,98,A,799
12,126,98,B,714
12,122,99,U,918
12,123,100,A,579
12,123,100,B,572
12,121,101,A,678
12,121,101,B,633
12,121,102,A,823
12,121,102,B,856
12,123,103,A,728
12,123,103,B,831
12,123,104,A,551
12,123,104,B,567
12,123,105,U,999
12,121,106,A,791
12,121,106,B,742
12,124,107,A,836
12,124,107,B,889
12,122,108,A,510
12,122,108,B,548
12,122,108,C,873
12,123,109,A,590
12,123,109,B,621
13,131,2,U,970
13,131,3,U,589
13,131,4,U,584
13,131,5,U,642
13,131,6,U,712
13,131,7,U,806
13,131,8,A,475
13,131,8,B,573
13,131,10,U,793
13,131,11,U,596
13,131,12,U,888
13,131,13,U,972
13,131,14,U,932
13,131,16,U,831
13,131,17,U,703
13,131,18,U,669
13,131,19,U,524
13,131,21,U,739
13,131,22,U,709
13,131,23,U,636
13,131,24,U,630
13,131,26,U,674
13,131,27,U,500
13,131,28,U,573
13,131,29,U,912
13,131,30,A,682
13,131,30,B,671
13,131,31,U,688
13,131,32,A,608
13,131,32,B,652
13,131,33,U,817
13,131,34,U,804
13,131,35,A,990
13,131,35,B,903
13,132,36,U,685
13,132,37,U,861
13,132,38,U,582
13,132,39,U,651
13,132,40,U,816
13,132,41,A,518
13,132,41,B,551
13,132,42,U,819
13,132,43,U,817
13,132,44,A,553
13,132,44,B,619
13,132,45,U,777
13,132,46,A,550
13,132,46,B,597
13,132,47,A,516
13,132,47,B,548
13,132,48,U,834
13,132,49,A,646
13,132,49,B,657
13,132,50,U,668
13,132,52,U,593
13,132,53,U,794
13,132,54,A,587
13,132,54,B,542
13,132,55,U,826
13,132,56,U,896
13,132,57,U,967
13,132,58,U,664
13,132,59,U,699
13,132,60,U,790
13,132,61,U,617
13,132,62,U,708
13,132,63,U,579
13,132,65,A,526
13,132,65,B,565
13,132,66,U,627
13,132,69,U,551
13,133,74,A,835
13,133,74,B,910
13,133,77,A,595
13,133,77,B,563
13,133,78,A,623
13,133,78,B,662
13,133,79,U,981
13,133,80,U,823
13,133,83,A,459
13,133,83,B,548
13,133,84,U,567
13,133,86,U,899
13,133,87,U,541
13,133,88,U,800
13,133,89,U,538
13,133,90,U,590
13,133,91,U,755
13,133,92,A,819
13,133,92,B,793
13,133,94,A,826
13,133,94,B,748
13,133,103,U,624
13,133,104,A,620
13,133,104,B,667
13,134,108,A,683
13,134,108,B,651
13,134,109,A,861
13,134,109,B,899
13,134,110,U,609
13,134,111,U,639
13,134,112,A,478
13,134,112,B,538
13,134,114,U,496
13,134,115,A,541
13,134,115,B,612
13,134,116,U,614
13,134,117,U,616
13,134,118,U,633
13,134,119,U,906
13,134,120,U,980
13,134,121,U,627
13,134,122,U,641
13,134,123,A,482
13,134,123,B,521
13,134,124,A,556
13,134,124,B,461
13,134,125,U,779
13,134,126,U,492
13,134,127,A,942
13,134,127,B,868
13,134,128,A,550
13,134,128,B,521
13,134,129,U,626
13,134,131,U,520
13,134,132,U,877
13,134,133,U,780
13,134,134,U,820
13,134,135,U,667
13,134,136,U,866
13,134,137,A,653
13,134,137,B,717
13,134,138,U,654
13,134,139,U,735
13,134,140,A,617
13,134,140,B,568
13,135,142,A,520
13,135,142,B,543
13,135,143,U,574
13,135,144,A,477
13,135,144,B,552
13,135,145,U,628
13,135,146,U,746
13,135,147,U,906
13,135,148,U,846
13,135,150,A,526
13,135,150,B,522
13,135,153,U,991
13,135,154,U,876
13,135,155,A,731
13,135,155,B,683
13,135,156,U,639
13,135,157,U,822
13,135,158,A,729
13,135,158,B,758
13,135,160,A,733
13,135,160,B,672
13,135,161,U,856
13,135,162,U,595
13,135,163,U,747
13,135,164,U,671
13,136,166,A,569
13,136,166,B,673
13,136,168,A,792
13,136,168,B,702
13,136,169,U,890
13,136,170,U,682
13,136,171,U,706
13,136,172,U,742
13,136,173,U,677
13,136,174,U,932
13,136,175,U,864
13,136,176,U,705
13,136,177,U,733
13,136,178,U,952
13,136,179,U,512
13,136,180,U,767
13,136,181,U,978
13,136,182,U,926
13,136,183,A,498
13,136,183,B,535
13,136,184,A,601
13,136,184,B,588
13,136,185,U,981
13,136,186,A,744
13,136,186,B,697
13,136,187,A,589
13,136,187,B,545
13,136,189,U,714
13,136,190,A,582
13,136,190,B,639
13,136,191,A,794
13,136,191,B,686
13,136,192,U,859
13,136,193,U,910
13,136,194,U,946
13,136,195,U,713
13,136,196,U,752
13,136,197,U,942
13,135,198,A,496
13,135,198,B,532
13,134,199,A,670
13,134,199,B,673
13,135,200,A,557
13,135,200,B,577
13,136,201,U,817
13,136,202,A,583
13,136,202,B,656
13,133,203,A,630
13,133,203,B,599
13,133,204,A,659
13,133,204,B,596
13,133,205,U,998
13,133,206,A,860
13,133,206,B,947
13,133,207,A,904
13,133,207,B,788
13,133,208,A,742
13,133,208,B,729
13,133,209,A,672
13,133,209,B,584
13,133,210,A,954
13,133,210,B,930
13,134,211,U,828
13,136,212,U,743
13,133,213,A,554
13,133,213,B,484
13,135,214,U,931
13,134,215,U,737
13,134,216,A,692
13,134,216,B,728
13,136,217,U,806
14,141,2,U,997
14,141,3,U,978
14,141,4,U,999
14,141,5,U,575
14,141,6,U,517
14,143,10,A,560
14,143,10,B,500
14,143,12,A,562
14,143,12,B,578
14,143,13,U,822
14,143,14,U,554
14,143,15,U,691
14,143,16,U,594
14,143,17,U,637
14,143,18,U,906
14,143,19,U,493
14,143,20,U,732
14,143,21,U,760
14,143,22,U,697
14,143,24,A,571
14,143,24,B,633
14,143,25,U,886
14,143,26,U,672
14,143,27,U,813
14,143,28,U,731
14,143,29,U,687
14,144,30,A,676
14,144,30,B,727
14,144,31,U,750
14,144,32,U,834
14,144,33,U,572
14,144,34,U,720
14,144,35,U,520
14,144,36,U,784
14,144,37,U,712
14,144,38,U,572
14,144,39,U,833
14,144,40,A,706
14,144,40,B,740
14,144,41,U,757
14,144,42,U,918
14,145,43,U,652
14,145,44,U,729
14,145,45,U,715
14,145,46,U,820
14,145,47,U,796
14,145,48,U,831
14,145,49,U,848
14,145,50,U,795
14,145,51,U,714
14,145,52,U,669
14,145,53,U,578
14,145,54,U,780
14,145,55,U,689
14,145,56,U,561
14,145,57,U,731
14,145,58,U,666
14,145,59,U,993
14,146,60,U,594
14,146,61,A,470
14,146,61,B,561
14,146,62,U,786
14,146,63,U,740
14,146,64,U,876
14,146,65,U,725
14,146,66,U,497
14,146,67,U,790
14,146,68,U,500
14,146,69,U,531
14,146,70,U,669
14,146,71,U,752
14,146,72,U,715
14,146,73,U,799
14,146,74,U,535
14,146,75,U,650
14,146,76,U,699
14,146,77,A,485
14,146,77,B,592
14,141,79,U,969
14,143,80,A,515
14,143,80,B,528
14,143,81,U,723
14,144,82,U,925
14,144,83,A,616
14,144,83,B,617
14,144,84,U,882
14,143,85,A,609
14,143,85,B,633
14,143,86,A,921
14,143,86,B,842
14,143,87,A,533
14,143,87,B,584
14,141,88,U,867
14,142,89,A,538
14,142,89,B,590
14,142,90,A,556
14,142,90,B,496
14,142,91,A,745
14,142,91,B,860
14,141,92,A,531
14,141,92,B,500
14,142,93,A,517
14,142,93,B,581
14,143,94,A,717
14,143,94,B,734
14,143,95,U,713
15,151,1,U,776
15,151,2,U,678
15,151,3,U,784
15,151,5,U,642
15,151,6,U,976
15,151,8,A,751
15,151,8,B,756
15,151,9,U,874
15,151,10,U,626
15,151,11,U,929
15,151,12,U,654
15,151,13,U,714
15,151,14,U,888
15,151,15,U,546
15,151,16,U,805
15,151,17,U,612
15,151,18,U,604
15,151,19,U,591
15,151,20,U,703
15,151,21,U,529
15,151,22,U,855
15,151,23,A,560
15,151,23,B,558
15,151,24,U,842
15,151,25,U,957
15,151,26,U,652
15,151,27,U,672
15,151,28,U,674
15,151,29,U,865
15,151,30,U,947
15,151,31,U,839
15,151,32,U,904
15,151,33,A,476
15,151,33,B,532
15,151,34,U,629
15,151,35,U,875
15,151,36,U,647
15,151,37,U,902
15,151,38,A,663
15,151,38,B,646
15,151,39,A,574
15,151,39,B,544
15,151,40,A,555
15,151,40,B,513
15,151,41,A,613
15,151,41,B,571
15,151,42,A,715
15,151,42,B,624
15,151,43,U,955
15,152,44,A,527
15,152,44,B,524
15,152,45,U,882
15,152,46,A,536
15,152,46,B,542
15,152,47,U,679
15,152,48,U,897
15,152,49,U,927
15,152,50,U,945
15,152,51,A,588
15,152,51,B,650
15,152,52,U,528
15,152,53,A,519
15,152,53,B,535
15,152,54,A,545
15,152,54,B,570
15,152,56,A,557
15,152,56,B,518
15,152,57,A,489
15,152,57,B,524
15,152,58,U,860
15,152,59,U,644
15,152,60,U,770
15,152,61,A,514
15,152,61,B,517
15,152,62,A,840
15,152,62,B,913
15,152,65,A,541
15,152,65,B,616
15,152,66,U,570
15,152,67,U,813
15,152,68,A,519
15,152,68,B,507
15,152,69,A,769
15,152,69,B,755
15,152,70,A,833
15,152,70,B,915
15,152,71,U,932
15,152,73,U,814
15,152,74,A,692
15,152,74,B,663
15,152,75,A,541
15,152,75,B,588
15,152,76,U,706
15,152,77,U,767
15,152,78,U,587
15,152,79,U,545
15,152,80,U,588
15,152,81,A,507
15,152,81,B,594
15,152,82,U,954
15,152,83,U,904
15,152,84,U,702
15,152,85,U,945
15,152,86,U,788
15,152,87,U,773
15,152,88,U,731
15,152,89,U,840
15,152,90,A,726
15,152,90,B,816
15,153,92,A,707
15,153,92,B,552
15,153,93,U,988
15,153,94,U,979
15,153,95,U,591
15,153,96,U,959
15,153,97,U,629
15,153,98,U,698
15,153,99,U,946
15,153,100,U,576
15,153,101,U,731
15,153,102,U,745
15,153,103,U,889
15,153,104,U,520
15,153,105,A,559
15,153,105,B,481
15,153,106,U,882
15,153,108,U,680
15,153,109,A,490
15,153,109,B,577
15,153,110,U,658
15,153,111,U,623
15,153,112,U,984
15,153,113,U,961
15,154,114,U,659
15,154,115,A,641
15,154,115,B,700
15,154,116,U,800
15,154,117,U,930
15,154,118,U,712
15,154,119,U,789
15,154,120,U,631
15,154,121,U,548
15,154,122,U,825
15,154,123,U,878
15,154,124,U,751
15,154,125,U,653
15,154,126,U,903
15,154,127,A,572
15,154,127,B,651
15,154,128,A,765
15,154,128,B,812
15,154,129,U,735
15,154,130,U,771
15,154,131,U,727
15,155,132,A,516
15,155,132,B,541
15,155,133,A,605
15,155,133,B,660
15,155,134,U,833
15,155,135,A,787
15,155,135,B,873
15,155,136,U,719
15,155,138,U,907
15,155,140,A,519
15,155,140,B,522
15,155,141,U,899
15,155,142,U,957
15,155,143,A,730
15,155,143,B,752
15,155,144,A,635
15,155,144,B,690
15,155,145,U,503
15,155,146,U,854
15,155,147,U,569
15,156,148,U,746
15,156,149,A,525
15,156,149,B,561
15,156,150,A,604
15,156,150,B,615
15,156,151,A,536
15,156,151,B,611
15,156,153,U,577
15,157,154,U,847
15,157,155,A,563
15,157,155,B,579
15,157,156,A,473
15,157,156,B,535
15,157,157,U,723
15,157,158,U,982
15,158,159,A,571
15,158,159,B,565
15,159,160,A,790
15,159,160,B,729
15,159,161,A,897
15,159,161,B,858
15,159,162,A,772
15,159,162,B,790
15,159,163,U,955
15,159,164,U,867
15,159,165,U,808
15,159,166,U,672
15,159,167,U,832
15,159,168,A,618
15,159,168,B,687
15,159,170,A,875
15,159,170,B,784
15,159,171,A,497
15,159,171,B,511
15,159,172,U,877
15,159,173,A,707
15,159,173,B,740
15,156,174,A,515
15,156,174,B,516
15,156,175,U,895
15,159,176,A,683
15,159,176,B,735
15,152,177,U,984
15,156,178,U,984
15,152,179,A,573
15,152,179,B,580
15,156,180,A,785
15,156,180,B,823
15,152,181,U,992
15,159,182,U,588
16,161,1,A,699
16,161,1,B,730
16,161,2,A,581
16,161,2,B,631
16,162,3,A,718
16,162,3,B,745
16,162,4,A,763
16,162,4,B,707
16,162,5,A,680
16,162,5,B,681
16,163,6,A,609
16,163,6,B,733
16,163,7,A,778
16,163,7,B,879
16,163,8,U,876
16,163,9,U,743
16,163,11,U,980
16,163,12,U,572
16,163,13,U,813
16,163,14,U,697
16,163,15,U,960
16,163,16,U,784
16,163,17,U,794
16,163,18,U,646
16,163,19,U,738
16,163,20,U,965
16,163,21,U,924
16,163,22,A,538
16,163,22,B,553
16,163,24,A,874
16,163,24,B,846
16,163,25,A,811
16,163,25,B,860
16,163,26,U,599
16,163,27,U,598
16,163,28,U,774
16,163,29,U,969
16,163,30,A,735
16,163,30,B,698
16,163,31,A,540
16,163,31,B,542
16,163,32,A,684
16,163,32,B,653
16,163,33,A,622
16,163,33,B,556
16,163,34,A,642
16,163,34,B,687
16,163,35,A,615
16,163,35,B,622
16,164,36,A,887
16,164,36,B,962
16,164,37,U,730
16,164,38,U,963
16,164,39,U,734
16,164,40,U,794
16,164,41,U,497
16,164,42,U,612
16,164,43,U,713
16,164,44,U,841
16,164,45,A,594
16,164,45,B,681
16,164,46,A,727
16,164,46,B,653
16,164,47,U,494
16,164,48,A,845
16,164,48,B,900
16,164,49,A,581
16,164,49,B,467
16,164,50,A,595
16,164,50,B,634
16,164,51,U,706
16,164,52,U,878
16,164,53,U,698
16,164,54,U,624
16,164,55,U,601
16,164,56,U,524
16,164,57,U,774
16,164,58,A,494
16,164,58,B,535
16,164,59,A,696
16,164,59,B,790
16,164,60,A,645
16,164,60,B,577
16,164,61,A,608
16,164,61,B,505
16,164,63,A,628
16,164,63,B,681
16,164,64,U,923
16,164,65,U,779
16,164,66,U,777
16,164,67,A,648
16,164,67,B,672
16,164,69,U,955
16,164,70,A,674
16,164,70,B,768
16,164,71,U,922
16,164,72,U,616
16,164,73,A,551
16,164,73,B,520
16,164,74,U,829
16,164,75,U,929
16,164,76,U,959
16,164,77,A,533
16,164,77,B,476
16,164,78,U,629
16,165,79,A,985
16,165,79,B,892
16,165,80,U,653
16,165,81,U,867
16,165,82,U,610
16,165,83,A,826
16,165,83,B,856
16,165,85,A,491
16,165,85,B,570
16,165,86,A,812
16,165,86,B,830
16,165,87,U,639
16,165,88,A,567
16,165,88,B,552
16,165,89,U,610
16,165,90,A,576
16,165,90,B,630
16,166,91,A,748
16,166,91,B,827
16,166,92,U,931
16,166,93,U,841
16,166,96,A,574
16,166,96,B,593
16,164,97,A,630
16,164,97,B,629
16,163,98,A,587
16,163,98,B,585
16,166,99,A,638
16,166,99,B,710
16,163,100,U,887
16,163,101,A,567
16,163,101,B,506
16,162,102,A,723
16,162,102,B,847
16,162,103,A,611
16,162,103,B,655
16,162,104,A,880
16,162,104,B,854
16,161,105,U,985
16,166,106,A,663
16,166,106,B,710
16,166,107,A,814
16,166,107,B,749
16,166,108,A,627
16,166,108,B,673
16,166,109,A,884
16,166,109,B,776
16,166,110,A,788
16,166,110,B,836
16,166,111,A,629
16,166,111,B,737
16,166,111,C,714
16,166,112,A,554
16,166,112,B,519
16,162,113,A,644
16,162,113,B,638
16,166,114,A,979
16,166,114,B,884
16,166,115,A,521
16,166,115,B,559
16,166,116,U,984
16,166,117,A,844
16,166,117,B,839
16,166,118,A,834
16,166,118,B,782
16,166,119,A,731
16,166,119,B,796
16,166,120,A,645
16,166,120,B,602
16,161,121,A,567
16,161,121,B,594
16,166,122,A,542
16,166,122,B,522
16,166,123,A,632
16,166,123,B,652
16,166,124,A,765
16,166,124,B,729
16,166,124,C,836
16,166,124,D,692
16,166,125,A,605
16,166,125,B,664
16,166,126,A,504
16,166,126,B,556
16,166,127,U,949
16,166,128,A,670
16,166,128,B,770
16,166,128,C,712
16,166,129,A,798
16,166,129,B,988
16,166,129,C,901
17,171,2,U,860
17,171,3,U,903
17,171,4,A,702
17,171,4,B,648
17,171,6,A,535
17,171,6,B,514
17,171,7,U,552
17,171,8,U,906
17,171,9,U,632
17,171,10,U,773
17,171,11,U,801
17,171,12,A,490
17,171,12,B,555
17,171,13,U,611
17,171,14,U,734
17,171,15,U,820
17,171,16,U,600
17,171,17,U,830
17,171,18,U,687
17,171,19,U,628
17,171,20,U,642
17,171,21,U,883
17,171,22,U,758
17,171,23,A,690
17,171,23,B,691
17,171,24,A,603
17,171,24,B,536
17,171,25,U,529
17,171,26,U,866
17,171,27,A,667
17,171,27,B,764
17,171,28,U,775
17,171,29,A,569
17,171,29,B,547
17,172,31,U,646
17,172,32,A,498
17,172,32,B,545
17,172,33,U,727
17,172,35,U,659
17,172,36,U,544
17,172,37,U,582
17,172,38,U,813
17,172,39,A,530
17,172,39,B,529
17,172,41,U,638
17,172,42,U,769
17,172,43,A,515
17,172,43,B,530
17,173,45,A,672
17,173,45,B,709
17,173,46,A,521
17,173,46,B,543
17,173,47,A,494
17,173,47,B,534
17,174,48,A,700
17,174,48,B,757
17,174,49,U,682
17,174,50,U,902
17,174,51,U,675
17,174,52,U,748
17,174,53,U,703
17,174,54,U,713
17,174,55,A,584
17,174,55,B,597
17,174,57,U,935
17,174,58,U,843
17,174,59,U,896
17,174,60,U,625
17,174,61,U,727
17,174,62,U,899
17,174,63,U,642
17,174,64,U,883
17,174,65,U,725
17,174,66,U,690
17,175,68,A,621
17,175,68,B,690
17,175,69,U,958
17,175,70,A,565
17,175,70,B,520
17,175,71,A,641
17,175,71,B,694
17,175,72,U,667
17,175,73,U,649
17,175,74,U,643
17,175,75,A,605
17,175,75,B,550
17,175,76,U,890
17,175,78,A,480
17,175,78,B,520
17,175,79,U,627
17,175,80,A,621
17,175,80,B,764
17,175,80,C,768
17,175,82,A,577
17,175,82,B,522
17,175,83,U,905
17,175,84,U,660
17,175,85,U,555
17,175,86,U,568
17,175,87,A,603
17,175,87,B,521
17,175,89,U,847
17,175,90,U,787
17,175,91,U,761
17,175,92,U,651
17,175,93,U,567
17,175,94,U,556
17,175,95,U,599
17,174,96,A,489
17,174,96,B,512
17,174,97,A,664
17,174,97,B,644
17,171,98,U,836
17,171,99,U,683
17,171,100,U,681
17,173,101,A,642
17,173,101,B,672
17,175,102,A,504
17,175,102,B,521
17,174,103,A,882
17,174,103,B,778
17,174,104,A,746
17,174,104,B,777
17,174,105,A,649
17,174,105,B,555
17,171,106,A,975
17,171,106,B,940
17,173,107,A,843
17,173,107,B,839
17,174,108,A,572
17,174,108,B,532
17,171,109,U,849
17,173,110,A,690
17,173,110,B,685
17,173,111,A,835
17,173,111,B,983
17,173,111,C,926
17,174,112,A,685
17,174,112,B,707
17,171,113,A,844
17,171,113,B,851
17,173,114,A,514
17,173,114,B,577
17,173,115,A,607
17,173,115,B,665
17,174,116,A,489
17,174,116,B,517
18,181,2,A,500
18,181,2,B,541
18,181,3,U,604
18,181,4,U,865
18,181,5,U,756
18,181,6,U,761
18,181,7,U,633
18,181,8,U,791
18,181,9,A,559
18,181,9,B,526
18,181,10,U,699
18,181,11,U,833
18,181,12,A,591
18,181,12,B,549
18,181,13,U,804
18,181,14,A,477
18,181,14,B,522
18,181,15,U,746
18,181,16,U,803
18,181,17,U,797
18,181,18,A,616
18,181,18,B,682
18,181,19,A,605
18,181,19,B,653
18,181,20,A,566
18,181,20,B,572
18,181,21,U,840
18,181,22,U,956
18,181,23,U,905
18,181,24,U,742
18,181,25,A,700
18,181,25,B,638
18,182,26,A,594
18,182,26,B,660
18,182,27,A,648
18,182,27,B,719
18,182,28,A,745
18,182,28,B,790
18,182,29,U,898
18,182,30,U,619
18,182,31,U,861
18,182,32,A,566
18,182,32,B,484
18,182,33,U,979
18,182,34,U,983
18,182,35,U,694
18,182,36,A,525
18,182,36,B,538
18,182,37,U,748
18,182,38,U,746
18,182,39,A,599
18,182,39,B,552
18,182,40,A,912
18,182,40,B,927
18,182,41,U,950
18,181,42,A,709
18,181,42,B,706
18,181,43,A,738
18,181,43,B,729
18,182,44,A,566
18,182,44,B,572
18,181,45,A,731
18,181,45,B,665
18,181,46,U,930
18,183,47,U,896
18,182,48,A,546
18,182,48,B,586
18,183,49,A,623
18,183,49,B,733
18,183,49,C,702
18,183,50,A,872
18,183,50,B,704
18,183,51,A,557
18,183,51,B,522
18,183,52,A,713
18,183,52,B,752
18,183,52,C,745
18,183,53,A,689
18,183,53,B,780
18,183,54,A,917
18,183,54,B,864
18,183,55,A,580
18,183,55,B,628
18,183,56,A,565
18,183,56,B,606
18,183,57,A,796
18,183,57,B,882
18,183,58,A,854
18,183,58,B,856
18,183,59,A,787
18,183,59,B,838
18,183,60,A,971
18,183,60,B,955
18,183,61,A,635
18,183,61,B,808
18,183,61,C,686
18,183,62,A,575
18,183,62,B,676
18,183,63,A,1007
18,183,63,B,887
18,183,64,A,743
18,183,64,B,800
18,183,65,A,879
18,183,65,B,767
18,183,66,A,639
18,183,66,B,662
18,183,67,A,538
18,183,67,B,519
18,183,68,U,870
19,191,1,A,656
19,191,1,B,520
19,191,2,A,887
19,191,2,B,1012
19,191,3,U,594
19,191,4,U,572
19,191,5,A,591
19,191,5,B,562
19,191,6,U,870
19,191,7,U,824
19,191,8,U,866
19,191,9,U,966
19,191,11,U,919
19,191,12,U,712
19,191,14,A,587
19,191,14,B,549
19,191,15,U,754
19,191,16,U,632
19,191,18,U,853
19,191,19,U,697
19,191,20,U,773
19,191,21,U,930
19,191,22,U,733
19,191,23,U,795
19,191,24,U,557
19,191,25,U,766
19,191,26,U,630
19,191,27,U,665
19,191,28,U,910
19,191,29,U,638
19,191,32,A,713
19,191,32,B,755
19,192,33,A,845
19,192,33,B,867
19,192,34,A,667
19,192,34,B,728
19,192,35,A,645
19,192,35,B,687
19,192,36,A,872
19,192,36,B,876
19,192,37,A,863
19,192,37,B,912
19,192,38,A,679
19,192,38,B,764
19,192,39,A,570
19,192,39,B,560
19,193,40,A,766
19,193,40,B,863
19,193,41,A,500
19,193,41,B,533
19,193,42,A,871
19,193,42,B,801
19,192,43,A,515
19,192,43,B,559
19,192,44,A,643
19,192,44,B,672
19,193,45,A,583
19,193,45,B,605
19,193,46,A,629
19,193,46,B,643
19,193,47,A,800
19,193,47,B,844
19,193,48,A,492
19,193,48,B,562
19,193,49,A,673
19,193,49,B,715
19,192,50,U,924
19,193,51,A,639
19,193,51,B,665
19,194,52,A,855
19,194,52,B,1095
19,194,52,C,1035
20,201,1,A,702
20,201,1,B,684
20,201,2,A,555
20,201,2,B,684
20,201,3,U,782
20,201,6,U,676
20,201,7,A,565
20,201,7,B,565
20,201,8,U,898
20,201,9,U,659
20,201,10,U,560
20,201,11,U,543
20,201,12,U,882
20,201,13,U,580
20,201,14,U,515
20,201,15,U,599
20,201,16,U,540
20,201,17,U,752
20,201,18,U,637
20,201,19,U,487
20,201,20,U,583
20,202,21,U,642
20,202,22,U,775
20,202,23,U,668
20,202,24,U,497
20,202,25,U,706
20,202,26,U,993
20,202,27,U,866
20,202,28,U,595
20,202,29,A,511
20,202,29,B,553
20,203,31,U,794
20,203,32,U,629
20,203,33,U,707
20,203,34,U,736
20,203,35,U,736
20,203,36,U,701
20,203,37,U,599
20,203,38,U,514
20,203,39,U,566
20,204,40,U,769
20,204,41,U,743
20,204,42,U,545
20,204,43,U,652
20,204,44,U,794
20,204,46,U,629
20,204,47,A,503
20,204,47,B,501
20,204,48,U,685
20,204,49,U,758
20,204,50,U,682
20,204,51,U,724
20,204,53,A,735
20,204,53,B,682
20,204,55,A,737
20,204,55,B,749
20,204,56,A,479
20,204,56,B,520
20,204,58,U,800
20,204,59,U,582
20,205,62,A,564
20,205,62,B,596
20,205,63,U,984
20,205,64,U,781
20,205,65,A,680
20,205,65,B,751
20,205,66,A,690
20,205,66,B,786
20,205,67,A,869
20,205,67,B,928
20,206,68,A,826
20,206,68,B,874
20,206,69,U,775
20,206,70,U,696
20,206,71,A,616
20,206,71,B,622
20,207,72,A,672
20,207,72,B,617
20,207,73,U,663
20,207,74,U,659
20,207,75,U,690
20,207,76,U,907
20,207,77,A,903
20,207,77,B,835
20,207,78,A,480
20,207,78,B,525
20,207,79,U,888
20,207,80,U,998
20,207,82,A,718
20,207,82,B,660
20,207,83,U,661
20,207,85,A,695
20,207,85,B,615
20,207,86,A,588
20,207,86,B,605
20,207,87,U,773
20,207,88,A,733
20,207,88,B,729
20,207,90,A,486
20,207,90,B,532
20,207,91,U,930
20,207,92,A,615
20,207,92,B,602
20,207,93,U,914
20,208,95,A,510
20,208,95,B,549
20,208,96,U,936
20,208,97,U,785
20,208,98,U,821
20,208,99,A,657
20,208,99,B,739
20,201,100,A,546
20,201,100,B,515
20,207,101,A,547
20,207,101,B,549
20,205,102,A,768
20,205,102,B,798
20,205,103,A,988
20,205,103,B,936
20,205,104,A,943
20,205,104,B,927
20,208,105,A,828
20,208,105,B,790
20,205,106,A,648
20,205,106,B,769
20,205,106,C,689
20,205,107,A,766
20,205,107,B,860
20,208,108,A,644
20,208,108,B,714
20,204,109,A,729
20,204,109,B,795
20,205,110,A,789
20,205,110,B,832
20,204,111,A,689
20,204,111,B,732
20,204,112,A,1019
20,204,112,B,896
20,205,113,A,869
20,205,113,B,794
20,205,114,A,714
20,205,114,B,721
20,205,115,A,827
20,205,115,B,815
20,206,116,A,657
20,206,116,B,566
20,205,117,A,613
20,205,117,B,612
20,201,118,A,623
20,201,118,B,649
20,201,119,A,564
20,201,119,B,596
20,206,120,A,710
20,206,120,B,830
20,206,121,A,993
20,206,121,B,903
20,201,122,A,651
20,201,122,B,572
20,206,123,U,826
20,208,124,A,537
20,208,124,B,552
20,201,125,A,487
20,201,125,B,523
20,206,126,U,931
21,211,1,A,584
21,211,1,B,555
21,211,2,A,638
21,211,2,B,599
21,211,3,U,951
21,211,4,U,934
21,211,5,A,749
21,211,5,B,777
21,211,6,U,984
21,211,7,A,766
21,211,7,B,705
21,211,8,U,552
21,211,9,U,512
21,211,10,A,509
21,211,10,B,507
21,211,11,A,620
21,211,11,B,618
21,211,12,U,732
21,211,13,A,496
21,211,13,B,511
21,211,14,A,861
21,211,14,B,907
21,212,15,A,629
21,212,15,B,603
21,213,17,A,492
21,213,17,B,541
21,213,18,A,536
21,213,18,B,497
21,213,19,U,999
21,213,20,A,677
21,213,20,B,700
21,213,21,U,885
21,214,22,A,600
21,214,22,B,665
21,214,23,U,753
21,215,25,A,540
21,215,25,B,563
21,214,26,A,604
21,214,26,B,677
21,215,27,A,933
21,215,27,B,858
21,214,28,A,612
21,214,28,B,591
21,215,29,A,588
21,215,29,B,555
21,214,30,A,601
21,214,30,B,513
21,214,31,A,899
21,214,31,B,1006
21,215,32,A,586
21,215,32,B,630
21,214,33,A,791
21,214,33,B,866
